{
  "sections": {
    "main": {
      "type": "main-product",
      "settings": {
        "enable_sticky_info": false,
        "media_size": "small",
        "constrain_to_viewport": true,
        "media_fit": "contain",
        "gallery_layout": "thumbnail_slider",
        "media_position": "left",
        "image_zoom": "lightbox",
        "mobile_thumbnails": "hide",
        "hide_variants": true,
        "enable_video_looping": false,
        "padding_top": 36,
        "padding_bottom": 12
      }
    },
    "related-products": {
      "type": "related-products",
      "disabled": true,
      "settings": {
        "heading": "You may also like",
        "heading_size": "h2",
        "products_to_show": 4,
        "columns_desktop": 4,
        "color_scheme": "background-1",
        "image_ratio": "square",
        "show_secondary_image": true,
        "show_vendor": false,
        "show_rating": false,
        "columns_mobile": "2",
        "padding_top": 36,
        "padding_bottom": 28
      }
    }
  },
  "order": [
    "main",
    "related-products"
  ]
}
